Ticket ID,Customer Description,Product/Module,Fix Applied,Resolution Time,Tags
T001,Customer reported issue 1 with the product.,ModuleC,Fix A applied to ModuleC.,"1 day, 11:00:00",Bug
T002,Customer reported issue 2 with the product.,ModuleD,Fix C applied to ModuleD.,"1 day, 22:00:00",Bug
T003,Customer reported issue 3 with the product.,ModuleC,Fix B applied to ModuleC.,16:00:00,UI Issue
T004,Customer reported issue 4 with the product.,ModuleA,Fix B applied to ModuleA.,"1 day, 22:00:00",Feature Request
T005,Customer reported issue 5 with the product.,ModuleB,Fix B applied to ModuleB.,"1 day, 4:00:00",Performance
T006,Customer reported issue 6 with the product.,ModuleA,Fix D applied to ModuleA.,"1 day, 3:00:00",UI Issue
T007,Customer reported issue 7 with the product.,ModuleD,Fix D applied to ModuleD.,"1 day, 7:00:00",Bug
T008,Customer reported issue 8 with the product.,ModuleA,Fix A applied to ModuleA.,15:00:00,Performance
T009,Customer reported issue 9 with the product.,ModuleD,Fix D applied to ModuleD.,23:00:00,UI Issue
T010,Customer reported issue 10 with the product.,ModuleC,Fix D applied to ModuleC.,"1 day, 16:00:00",UI Issue
T011,Customer reported issue 11 with the product.,ModuleA,Fix D applied to ModuleA.,"1 day, 21:00:00",Feature Request
T012,Customer reported issue 12 with the product.,ModuleC,Fix C applied to ModuleC.,8:00:00,Feature Request
T013,Customer reported issue 13 with the product.,ModuleC,Fix A applied to ModuleC.,14:00:00,UI Issue
T014,Customer reported issue 14 with the product.,ModuleC,Fix C applied to ModuleC.,"2 days, 0:00:00",Bug
T015,Customer reported issue 15 with the product.,ModuleA,Fix C applied to ModuleA.,"1 day, 12:00:00",Performance
T016,Customer reported issue 16 with the product.,ModuleB,Fix D applied to ModuleB.,"1 day, 9:00:00",Bug
T017,Customer reported issue 17 with the product.,ModuleA,Fix D applied to ModuleA.,2:00:00,UI Issue
T018,Customer reported issue 18 with the product.,ModuleA,Fix B applied to ModuleA.,14:00:00,Bug
T019,Customer reported issue 19 with the product.,ModuleA,Fix B applied to ModuleA.,16:00:00,Performance
T020,Customer reported issue 20 with the product.,ModuleA,Fix A applied to ModuleA.,"1 day, 22:00:00",UI Issue
T021,Customer reported issue 21 with the product.,ModuleD,Fix A applied to ModuleD.,"1 day, 20:00:00",Feature Request
T022,Customer reported issue 22 with the product.,ModuleC,Fix D applied to ModuleC.,6:00:00,UI Issue
T023,Customer reported issue 23 with the product.,ModuleB,Fix A applied to ModuleB.,13:00:00,Performance
T024,Customer reported issue 24 with the product.,ModuleB,Fix A applied to ModuleB.,"1 day, 8:00:00",Performance
T025,Customer reported issue 25 with the product.,ModuleD,Fix B applied to ModuleD.,15:00:00,UI Issue
T026,Customer reported issue 26 with the product.,ModuleB,Fix C applied to ModuleB.,22:00:00,Feature Request
T027,Customer reported issue 27 with the product.,ModuleB,Fix D applied to ModuleB.,"1 day, 13:00:00",UI Issue
T028,Customer reported issue 28 with the product.,ModuleD,Fix D applied to ModuleD.,"1 day, 5:00:00",UI Issue
T029,Customer reported issue 29 with the product.,ModuleC,Fix D applied to ModuleC.,"1 day, 4:00:00",Bug
T030,Customer reported issue 30 with the product.,ModuleD,Fix D applied to ModuleD.,21:00:00,Feature Request
T031,Customer reported issue 31 with the product.,ModuleD,Fix C applied to ModuleD.,6:00:00,Bug
T032,Customer reported issue 32 with the product.,ModuleD,Fix B applied to ModuleD.,"1 day, 12:00:00",Performance
T033,Customer reported issue 33 with the product.,ModuleB,Fix D applied to ModuleB.,"1 day, 23:00:00",Bug
T034,Customer reported issue 34 with the product.,ModuleA,Fix A applied to ModuleA.,11:00:00,Feature Request
T035,Customer reported issue 35 with the product.,ModuleA,Fix D applied to ModuleA.,5:00:00,Feature Request
T036,Customer reported issue 36 with the product.,ModuleC,Fix B applied to ModuleC.,21:00:00,Bug
T037,Customer reported issue 37 with the product.,ModuleC,Fix D applied to ModuleC.,"1 day, 19:00:00",UI Issue
T038,Customer reported issue 38 with the product.,ModuleD,Fix B applied to ModuleD.,"1 day, 22:00:00",Performance
T039,Customer reported issue 39 with the product.,ModuleD,Fix B applied to ModuleD.,"1 day, 6:00:00",UI Issue
T040,Customer reported issue 40 with the product.,ModuleD,Fix B applied to ModuleD.,"1 day, 12:00:00",Performance
T041,Customer reported issue 41 with the product.,ModuleB,Fix C applied to ModuleB.,12:00:00,Performance
T042,Customer reported issue 42 with the product.,ModuleB,Fix B applied to ModuleB.,"1 day, 21:00:00",UI Issue
T043,Customer reported issue 43 with the product.,ModuleA,Fix A applied to ModuleA.,"1 day, 13:00:00",Feature Request
T044,Customer reported issue 44 with the product.,ModuleC,Fix B applied to ModuleC.,"1 day, 11:00:00",Bug
T045,Customer reported issue 45 with the product.,ModuleB,Fix C applied to ModuleB.,"1 day, 21:00:00",Performance
T046,Customer reported issue 46 with the product.,ModuleA,Fix B applied to ModuleA.,"1 day, 20:00:00",Bug
T047,Customer reported issue 47 with the product.,ModuleB,Fix A applied to ModuleB.,10:00:00,Performance
T048,Customer reported issue 48 with the product.,ModuleC,Fix A applied to ModuleC.,"1 day, 20:00:00",UI Issue
T049,Customer reported issue 49 with the product.,ModuleD,Fix D applied to ModuleD.,"1 day, 2:00:00",Feature Request
T050,Customer reported issue 50 with the product.,ModuleB,Fix C applied to ModuleB.,9:00:00,Performance
T051,Customer reported issue 51 with the product.,ModuleB,Fix B applied to ModuleB.,"1 day, 11:00:00",Performance
T052,Customer reported issue 52 with the product.,ModuleB,Fix C applied to ModuleB.,16:00:00,Bug
T053,Customer reported issue 53 with the product.,ModuleB,Fix D applied to ModuleB.,"1 day, 0:00:00",Bug
T054,Customer reported issue 54 with the product.,ModuleB,Fix B applied to ModuleB.,5:00:00,Feature Request
T055,Customer reported issue 55 with the product.,ModuleB,Fix A applied to ModuleB.,23:00:00,Feature Request
T056,Customer reported issue 56 with the product.,ModuleB,Fix A applied to ModuleB.,"1 day, 11:00:00",Feature Request
T057,Customer reported issue 57 with the product.,ModuleB,Fix D applied to ModuleB.,22:00:00,Performance
T058,Customer reported issue 58 with the product.,ModuleD,Fix B applied to ModuleD.,"1 day, 19:00:00",Bug
T059,Customer reported issue 59 with the product.,ModuleD,Fix D applied to ModuleD.,12:00:00,Bug
T060,Customer reported issue 60 with the product.,ModuleC,Fix B applied to ModuleC.,"1 day, 7:00:00",Performance
T061,Customer reported issue 61 with the product.,ModuleA,Fix B applied to ModuleA.,13:00:00,UI Issue
T062,Customer reported issue 62 with the product.,ModuleB,Fix C applied to ModuleB.,"1 day, 22:00:00",Performance
T063,Customer reported issue 63 with the product.,ModuleB,Fix A applied to ModuleB.,5:00:00,UI Issue
T064,Customer reported issue 64 with the product.,ModuleC,Fix B applied to ModuleC.,"1 day, 13:00:00",Feature Request
T065,Customer reported issue 65 with the product.,ModuleD,Fix B applied to ModuleD.,"1 day, 0:00:00",Feature Request
T066,Customer reported issue 66 with the product.,ModuleB,Fix B applied to ModuleB.,"1 day, 20:00:00",Bug
T067,Customer reported issue 67 with the product.,ModuleD,Fix C applied to ModuleD.,22:00:00,UI Issue
T068,Customer reported issue 68 with the product.,ModuleC,Fix A applied to ModuleC.,"1 day, 2:00:00",Bug
T069,Customer reported issue 69 with the product.,ModuleD,Fix B applied to ModuleD.,"1 day, 15:00:00",UI Issue
T070,Customer reported issue 70 with the product.,ModuleA,Fix A applied to ModuleA.,1:00:00,Performance
T071,Customer reported issue 71 with the product.,ModuleC,Fix C applied to ModuleC.,18:00:00,Performance
T072,Customer reported issue 72 with the product.,ModuleD,Fix C applied to ModuleD.,11:00:00,Feature Request
T073,Customer reported issue 73 with the product.,ModuleD,Fix C applied to ModuleD.,"1 day, 13:00:00",Performance
T074,Customer reported issue 74 with the product.,ModuleA,Fix B applied to ModuleA.,"1 day, 12:00:00",Performance
T075,Customer reported issue 75 with the product.,ModuleA,Fix B applied to ModuleA.,"1 day, 3:00:00",UI Issue
T076,Customer reported issue 76 with the product.,ModuleC,Fix C applied to ModuleC.,"1 day, 23:00:00",Bug
T077,Customer reported issue 77 with the product.,ModuleD,Fix B applied to ModuleD.,18:00:00,UI Issue
T078,Customer reported issue 78 with the product.,ModuleB,Fix D applied to ModuleB.,14:00:00,UI Issue
T079,Customer reported issue 79 with the product.,ModuleA,Fix C applied to ModuleA.,"1 day, 9:00:00",Feature Request
T080,Customer reported issue 80 with the product.,ModuleA,Fix B applied to ModuleA.,"1 day, 23:00:00",Bug
T081,Customer reported issue 81 with the product.,ModuleA,Fix D applied to ModuleA.,1:00:00,Bug
T082,Customer reported issue 82 with the product.,ModuleC,Fix B applied to ModuleC.,16:00:00,Feature Request
T083,Customer reported issue 83 with the product.,ModuleC,Fix C applied to ModuleC.,"1 day, 6:00:00",UI Issue
T084,Customer reported issue 84 with the product.,ModuleB,Fix A applied to ModuleB.,"1 day, 14:00:00",Feature Request
T085,Customer reported issue 85 with the product.,ModuleC,Fix A applied to ModuleC.,"1 day, 3:00:00",Feature Request
T086,Customer reported issue 86 with the product.,ModuleA,Fix A applied to ModuleA.,6:00:00,UI Issue
T087,Customer reported issue 87 with the product.,ModuleC,Fix D applied to ModuleC.,"1 day, 3:00:00",Feature Request
T088,Customer reported issue 88 with the product.,ModuleA,Fix C applied to ModuleA.,23:00:00,UI Issue
T089,Customer reported issue 89 with the product.,ModuleA,Fix B applied to ModuleA.,10:00:00,UI Issue
T090,Customer reported issue 90 with the product.,ModuleD,Fix B applied to ModuleD.,"1 day, 2:00:00",Performance
T091,Customer reported issue 91 with the product.,ModuleB,Fix C applied to ModuleB.,"1 day, 21:00:00",UI Issue
T092,Customer reported issue 92 with the product.,ModuleA,Fix D applied to ModuleA.,16:00:00,Feature Request
T093,Customer reported issue 93 with the product.,ModuleA,Fix B applied to ModuleA.,"1 day, 15:00:00",UI Issue
T094,Customer reported issue 94 with the product.,ModuleB,Fix B applied to ModuleB.,12:00:00,Feature Request
T095,Customer reported issue 95 with the product.,ModuleC,Fix C applied to ModuleC.,3:00:00,UI Issue
T096,Customer reported issue 96 with the product.,ModuleB,Fix D applied to ModuleB.,23:00:00,UI Issue
T097,Customer reported issue 97 with the product.,ModuleB,Fix A applied to ModuleB.,"1 day, 16:00:00",Performance
T098,Customer reported issue 98 with the product.,ModuleB,Fix D applied to ModuleB.,20:00:00,UI Issue
T099,Customer reported issue 99 with the product.,ModuleB,Fix B applied to ModuleB.,"1 day, 21:00:00",UI Issue
T100,Customer reported issue 100 with the product.,ModuleD,Fix A applied to ModuleD.,18:00:00,UI Issue
